dialogue_id,run_id,cell,profile_name,scenario_id,scenario_type,trigger_turn,n_turns,expected_shift,expected_family,confidence,agency_signal,n_misconceptions,zpd_estimate_len,n_hypotheses,n_hyp_validated,n_hyp_tentative,n_hyp_contradicted,mean_hyp_confidence,n_evidence,n_evidence_validated,evidence_recency,n_constraint_violations,action,action_family,strict_shift,shift_window,family_matched,graded_trigger_recognition,graded_strategy_execution,graded_strategy_quality,graded_pedagogical_coherence,graded_mean,grader_judge_model
adaptive-false_confusion_v1-1778017036855-pvon57,eval-2026-05-05-486d7d1e,cell_110,cell_110_langgraph_adaptive,false_confusion_v1,false_confusion,1,4,scope_test,substantive_engagement,0.72,questioning,0,200,0,0,0,0,,0,0,,0,mirror_and_extend,substantive_engagement,0,0,1,4,5,4,4,4.25,codex-cli.default
adaptive-false_confusion_v1__r1-1778017110289-ryreq4,eval-2026-05-05-486d7d1e,cell_110,cell_110_langgraph_adaptive,false_confusion_v1__r1,false_confusion,1,4,scope_test,substantive_engagement,0.72,questioning,0,207,0,0,0,0,,0,0,,0,mirror_and_extend,substantive_engagement,0,0,1,5,5,4,4,4.5,codex-cli.default
adaptive-false_confusion_v1__r2-1778017181356-sa71o3,eval-2026-05-05-486d7d1e,cell_110,cell_110_langgraph_adaptive,false_confusion_v1__r2,false_confusion,1,4,scope_test,substantive_engagement,0.82,questioning,0,228,0,0,0,0,,0,0,,0,mirror_and_extend,substantive_engagement,0,0,1,4,5,4,4,4.25,codex-cli.default
adaptive-polite_false_mastery_v1-1778017264499-q0tkx6,eval-2026-05-05-486d7d1e,cell_110,cell_110_langgraph_adaptive,polite_false_mastery_v1,polite_false_mastery,1,4,ask_diagnostic_question,diagnostic,0.62,compliant,3,215,0,0,0,0,,0,0,,0,ask_diagnostic_question,diagnostic,1,1,1,4,5,4,4,4.25,codex-cli.default
adaptive-polite_false_mastery_v1__r1-1778017336572-4thsgr,eval-2026-05-05-486d7d1e,cell_110,cell_110_langgraph_adaptive,polite_false_mastery_v1__r1,polite_false_mastery,1,4,ask_diagnostic_question,diagnostic,0.62,compliant,3,208,0,0,0,0,,0,0,,0,ask_diagnostic_question,diagnostic,1,1,1,4,5,4,3,4,codex-cli.default
adaptive-polite_false_mastery_v1__r2-1778017418009-x2v004,eval-2026-05-05-486d7d1e,cell_110,cell_110_langgraph_adaptive,polite_false_mastery_v1__r2,polite_false_mastery,1,4,ask_diagnostic_question,diagnostic,0.62,compliant,3,251,0,0,0,0,,0,0,,0,ask_diagnostic_question,diagnostic,1,1,1,4,4,3,2,3.25,codex-cli.default
adaptive-resistance_to_insight_v1-1778017510143-2z7lvw,eval-2026-05-05-486d7d1e,cell_110,cell_110_langgraph_adaptive,resistance_to_insight_v1,resistance_to_insight,1,4,scope_test,substantive_engagement,0.72,questioning,1,287,0,0,0,0,,0,0,,0,pose_counterexample,substantive_engagement,0,0,1,5,5,5,5,5,codex-cli.default
adaptive-resistance_to_insight_v1__r2-1778017644239-twi8ld,eval-2026-05-05-486d7d1e,cell_110,cell_110_langgraph_adaptive,resistance_to_insight_v1__r2,resistance_to_insight,1,4,scope_test,substantive_engagement,0.72,questioning,1,301,0,0,0,0,,0,0,,0,mirror_and_extend,substantive_engagement,0,1,1,3,4,4,4,3.75,codex-cli.default
adaptive-answer_seeking_to_productive_struggle_v1-1778017741495-kfxge3,eval-2026-05-05-486d7d1e,cell_110,cell_110_langgraph_adaptive,answer_seeking_to_productive_struggle_v1,answer_seeking_to_productive_struggle,2,5,withhold_answer,scaffolding,0.85,resistant,4,382,0,0,0,0,,0,0,,0,withhold_answer,scaffolding,1,1,1,4,5,4,4,4.25,codex-cli.default
adaptive-answer_seeking_to_productive_struggle_v1__r1-1778017837315-cumq9j,eval-2026-05-05-486d7d1e,cell_110,cell_110_langgraph_adaptive,answer_seeking_to_productive_struggle_v1__r1,answer_seeking_to_productive_struggle,2,5,withhold_answer,scaffolding,0.82,collaborative,3,371,0,0,0,0,,0,0,,0,withhold_answer,scaffolding,1,1,1,4,4,4,3,3.75,codex-cli.default
adaptive-answer_seeking_to_productive_struggle_v1__r2-1778017944989-lk1df7,eval-2026-05-05-486d7d1e,cell_110,cell_110_langgraph_adaptive,answer_seeking_to_productive_struggle_v1__r2,answer_seeking_to_productive_struggle,2,5,withhold_answer,scaffolding,0.85,resistant,5,340,0,0,0,0,,0,0,,0,pose_counterexample,substantive_engagement,0,1,0,5,4,4,4,4.25,codex-cli.default
adaptive-metaphor_boundary_case_v1-1778018088798-car1aq,eval-2026-05-05-486d7d1e,cell_110,cell_110_langgraph_adaptive,metaphor_boundary_case_v1,metaphor_boundary_case,2,5,name_the_disagreement,substantive_engagement,0.6,questioning,2,520,0,0,0,0,,0,0,,1,mirror_and_extend,substantive_engagement,0,0,1,5,4,4,4,4.25,codex-cli.default
adaptive-metaphor_boundary_case_v1__r1-1778018214539-c5gj5y,eval-2026-05-05-486d7d1e,cell_110,cell_110_langgraph_adaptive,metaphor_boundary_case_v1__r1,metaphor_boundary_case,2,5,name_the_disagreement,substantive_engagement,0.82,questioning,3,355,0,0,0,0,,0,0,,0,pose_counterexample,substantive_engagement,0,1,1,4,4,5,4,4.25,codex-cli.default
adaptive-metaphor_boundary_case_v1__r2-1778018356297-miiuov,eval-2026-05-05-486d7d1e,cell_110,cell_110_langgraph_adaptive,metaphor_boundary_case_v1__r2,metaphor_boundary_case,2,5,name_the_disagreement,substantive_engagement,0.63,collaborative,3,358,0,0,0,0,,0,0,,0,scope_test,substantive_engagement,0,1,1,5,5,4,4,4.5,codex-cli.default
adaptive-affective_shutdown_v1-1778018476648-o5oiid,eval-2026-05-05-486d7d1e,cell_110,cell_110_langgraph_adaptive,affective_shutdown_v1,affective_shutdown,2,5,acknowledge_and_redirect,repair_affective,0.74,collaborative,4,358,0,0,0,0,,0,0,,0,acknowledge_and_redirect,repair_affective,1,1,1,4,4,4,3,3.75,codex-cli.default
adaptive-affective_shutdown_v1__r1-1778018603546-cjasjj,eval-2026-05-05-486d7d1e,cell_110,cell_110_langgraph_adaptive,affective_shutdown_v1__r1,affective_shutdown,2,5,acknowledge_and_redirect,repair_affective,0.72,collaborative,3,331,0,0,0,0,,0,0,,0,mirror_and_extend,substantive_engagement,0,1,0,4,4,3,3,3.5,codex-cli.default
adaptive-affective_shutdown_v1__r2-1778018718068-p1tc9b,eval-2026-05-05-486d7d1e,cell_110,cell_110_langgraph_adaptive,affective_shutdown_v1__r2,affective_shutdown,2,5,acknowledge_and_redirect,repair_affective,0.78,collaborative,3,256,0,0,0,0,,0,0,,1,acknowledge_and_redirect,repair_affective,1,1,1,4,4,4,3,3.75,codex-cli.default
adaptive-repair_after_misrecognition_v1-1778018830491-pd87d5,eval-2026-05-05-486d7d1e,cell_110,cell_110_langgraph_adaptive,repair_after_misrecognition_v1,repair_after_misrecognition,2,5,repair_misrecognition,repair_affective,0.82,questioning,0,386,0,0,0,0,,0,0,,0,ask_diagnostic_question,diagnostic,0,1,0,5,4,4,3,4,codex-cli.default
adaptive-repair_after_misrecognition_v1__r1-1778018950130-l41evt,eval-2026-05-05-486d7d1e,cell_110,cell_110_langgraph_adaptive,repair_after_misrecognition_v1__r1,repair_after_misrecognition,2,5,repair_misrecognition,repair_affective,0.74,questioning,2,512,0,0,0,0,,0,0,,0,repair_misrecognition,repair_affective,1,1,1,4,3,3,3,3.25,codex-cli.default
adaptive-repair_after_misrecognition_v1__r2-1778019057935-nh5s3k,eval-2026-05-05-486d7d1e,cell_110,cell_110_langgraph_adaptive,repair_after_misrecognition_v1__r2,repair_after_misrecognition,2,5,repair_misrecognition,repair_affective,0.81,questioning,0,542,0,0,0,0,,0,0,,0,repair_misrecognition,repair_affective,1,1,1,5,4,4,3,4,codex-cli.default
adaptive-sophistication_upgrade_v1-1778019163338-6vvdx6,eval-2026-05-05-486d7d1e,cell_110,cell_110_langgraph_adaptive,sophistication_upgrade_v1,sophistication_upgrade,2,5,mirror_and_extend,substantive_engagement,0.88,collaborative,0,599,0,0,0,0,,0,0,,0,mirror_and_extend,substantive_engagement,1,1,1,4,4,4,4,4,codex-cli.default
adaptive-sophistication_upgrade_v1__r1-1778019292208-gg004c,eval-2026-05-05-486d7d1e,cell_110,cell_110_langgraph_adaptive,sophistication_upgrade_v1__r1,sophistication_upgrade,2,5,mirror_and_extend,substantive_engagement,0.93,collaborative,0,805,0,0,0,0,,0,0,,0,scope_test,substantive_engagement,0,0,1,4,4,4,4,4,codex-cli.default
adaptive-sophistication_upgrade_v1__r2-1778019420920-7qtnur,eval-2026-05-05-486d7d1e,cell_110,cell_110_langgraph_adaptive,sophistication_upgrade_v1__r2,sophistication_upgrade,2,5,mirror_and_extend,substantive_engagement,0.93,collaborative,0,820,0,0,0,0,,0,0,,0,mirror_and_extend,substantive_engagement,1,1,1,4,4,4,4,4,codex-cli.default
adaptive-false_confusion_v1-1778420001063-7zdovg,eval-2026-05-10-8aedb51d,cell_118,cell_118_state_policy_minimal_profile,false_confusion_v1,false_confusion,1,4,scope_test,substantive_engagement,0.74,unknown,0,0,0,0,0,0,,0,0,,0,name_the_disagreement,substantive_engagement,0,0,1,5,2,4,4,3.75,codex-cli.default
adaptive-false_confusion_v1-1778420018598-a7xpzs,eval-2026-05-10-556b5243,cell_118,cell_118_state_policy_minimal_profile,false_confusion_v1,false_confusion,1,4,scope_test,substantive_engagement,0.83,unknown,0,0,0,0,0,0,,0,0,,0,mirror_and_extend,substantive_engagement,0,0,1,3,4,4,5,4,codex-cli.default
adaptive-false_confusion_v1-1778420021725-7raihn,eval-2026-05-10-8fb6e098,cell_118,cell_118_state_policy_minimal_profile,false_confusion_v1,false_confusion,1,4,scope_test,substantive_engagement,0.85,unknown,0,0,0,0,0,0,,0,0,,0,mirror_and_extend,substantive_engagement,0,0,1,2,2,4,4,3,codex-cli.default
adaptive-false_confusion_v1-1778420059936-1amb42,eval-2026-05-10-24268254,cell_118,cell_118_state_policy_minimal_profile,false_confusion_v1,false_confusion,1,4,scope_test,substantive_engagement,0.79,unknown,0,0,0,0,0,0,,0,0,,0,scope_test,substantive_engagement,1,1,1,4,5,5,4,4.5,codex-cli.default
adaptive-polite_false_mastery_v1-1778420310398-nfvlkq,eval-2026-05-10-8aedb51d,cell_118,cell_118_state_policy_minimal_profile,polite_false_mastery_v1,polite_false_mastery,1,4,ask_diagnostic_question,diagnostic,0.33,unknown,0,0,0,0,0,0,,0,0,,0,ask_diagnostic_question,diagnostic,1,1,1,4,5,4,4,4.25,codex-cli.default
adaptive-polite_false_mastery_v1-1778420321400-776rk0,eval-2026-05-10-24268254,cell_118,cell_118_state_policy_minimal_profile,polite_false_mastery_v1,polite_false_mastery,1,4,ask_diagnostic_question,diagnostic,0.54,unknown,0,0,0,0,0,0,,0,0,,0,ask_diagnostic_question,diagnostic,1,1,1,4,5,4,4,4.25,codex-cli.default
adaptive-polite_false_mastery_v1-1778420329160-bgq7u5,eval-2026-05-10-556b5243,cell_118,cell_118_state_policy_minimal_profile,polite_false_mastery_v1,polite_false_mastery,1,4,ask_diagnostic_question,diagnostic,0.71,unknown,0,0,0,0,0,0,,0,0,,0,ask_diagnostic_question,diagnostic,1,1,1,4,5,4,4,4.25,codex-cli.default
adaptive-polite_false_mastery_v1-1778420340455-9gq3bd,eval-2026-05-10-8fb6e098,cell_118,cell_118_state_policy_minimal_profile,polite_false_mastery_v1,polite_false_mastery,1,4,ask_diagnostic_question,diagnostic,0.2,unknown,0,0,0,0,0,0,,0,0,,0,ask_diagnostic_question,diagnostic,1,1,1,4,4,4,4,4,codex-cli.default
adaptive-resistance_to_insight_v1-1778420645968-cmbous,eval-2026-05-10-8aedb51d,cell_118,cell_118_state_policy_minimal_profile,resistance_to_insight_v1,resistance_to_insight,1,4,scope_test|name_the_disagreement|pose_counterexample,substantive_engagement,0.62,unknown,0,0,0,0,0,0,,0,0,,0,mirror_and_extend,substantive_engagement,0,0,1,5,4,5,5,4.75,codex-cli.default
adaptive-resistance_to_insight_v1-1778420685710-lm0htw,eval-2026-05-10-8fb6e098,cell_118,cell_118_state_policy_minimal_profile,resistance_to_insight_v1,resistance_to_insight,1,4,scope_test|name_the_disagreement|pose_counterexample,substantive_engagement,0.75,unknown,0,0,0,0,0,0,,0,0,,0,mirror_and_extend,substantive_engagement,0,0,1,3,2,4,4,3.25,codex-cli.default
adaptive-resistance_to_insight_v1-1778420694437-ct0fq5,eval-2026-05-10-556b5243,cell_118,cell_118_state_policy_minimal_profile,resistance_to_insight_v1,resistance_to_insight,1,4,scope_test|name_the_disagreement|pose_counterexample,substantive_engagement,0.82,unknown,0,0,0,0,0,0,,0,0,,0,scope_test,substantive_engagement,1,1,1,5,5,5,5,5,codex-cli.default
adaptive-resistance_to_insight_v1-1778420720370-lq2hhx,eval-2026-05-10-24268254,cell_118,cell_118_state_policy_minimal_profile,resistance_to_insight_v1,resistance_to_insight,1,4,scope_test|name_the_disagreement|pose_counterexample,substantive_engagement,0.87,unknown,0,0,0,0,0,0,,0,0,,0,mirror_and_extend,substantive_engagement,0,0,1,3,2,4,4,3.25,codex-cli.default
adaptive-answer_seeking_to_productive_struggle_v1-1778421120133-nr970p,eval-2026-05-10-8aedb51d,cell_118,cell_118_state_policy_minimal_profile,answer_seeking_to_productive_struggle_v1,answer_seeking_to_productive_struggle,2,5,withhold_answer,scaffolding,0.65,unknown,0,0,0,0,0,0,,0,0,,1,withhold_answer,scaffolding,1,1,1,5,5,4,4,4.5,codex-cli.default
adaptive-answer_seeking_to_productive_struggle_v1-1778421140645-hvv8xe,eval-2026-05-10-24268254,cell_118,cell_118_state_policy_minimal_profile,answer_seeking_to_productive_struggle_v1,answer_seeking_to_productive_struggle,2,5,withhold_answer,scaffolding,0.72,unknown,0,0,0,0,0,0,,0,0,,0,withhold_answer,scaffolding,1,1,1,4,5,4,4,4.25,codex-cli.default
adaptive-answer_seeking_to_productive_struggle_v1-1778421142311-g3pdv5,eval-2026-05-10-556b5243,cell_118,cell_118_state_policy_minimal_profile,answer_seeking_to_productive_struggle_v1,answer_seeking_to_productive_struggle,2,5,withhold_answer,scaffolding,0.74,unknown,0,0,0,0,0,0,,0,0,,0,withhold_answer,scaffolding,1,1,1,4,5,5,5,4.75,codex-cli.default
adaptive-answer_seeking_to_productive_struggle_v1-1778421241658-tibwnb,eval-2026-05-10-8fb6e098,cell_118,cell_118_state_policy_minimal_profile,answer_seeking_to_productive_struggle_v1,answer_seeking_to_productive_struggle,2,5,withhold_answer,scaffolding,0.48,unknown,0,0,0,0,0,0,,0,0,,2,withhold_answer,scaffolding,1,1,1,3,4,4,4,3.75,codex-cli.default
adaptive-metaphor_boundary_case_v1-1778421597432-wboj6p,eval-2026-05-10-24268254,cell_118,cell_118_state_policy_minimal_profile,metaphor_boundary_case_v1,metaphor_boundary_case,2,5,name_the_disagreement,substantive_engagement,0.52,unknown,0,0,0,0,0,0,,0,0,,0,name_the_disagreement,substantive_engagement,1,1,1,5,5,5,5,5,codex-cli.default
adaptive-metaphor_boundary_case_v1-1778421610648-2dq9ot,eval-2026-05-10-8aedb51d,cell_118,cell_118_state_policy_minimal_profile,metaphor_boundary_case_v1,metaphor_boundary_case,2,5,name_the_disagreement,substantive_engagement,0.72,unknown,0,0,0,0,0,0,,0,0,,0,name_the_disagreement,substantive_engagement,1,1,1,5,5,5,5,5,codex-cli.default
adaptive-metaphor_boundary_case_v1-1778421702215-wqdx7g,eval-2026-05-10-8fb6e098,cell_118,cell_118_state_policy_minimal_profile,metaphor_boundary_case_v1,metaphor_boundary_case,2,5,name_the_disagreement,substantive_engagement,0.67,unknown,0,0,0,0,0,0,,0,0,,0,name_the_disagreement,substantive_engagement,1,1,1,5,5,4,4,4.5,codex-cli.default
adaptive-metaphor_boundary_case_v1-1778421845151-irjy0e,eval-2026-05-10-556b5243,cell_118,cell_118_state_policy_minimal_profile,metaphor_boundary_case_v1,metaphor_boundary_case,2,5,name_the_disagreement,substantive_engagement,0.78,unknown,0,0,0,0,0,0,,0,0,,1,pose_counterexample,substantive_engagement,0,0,1,4,2,4,4,3.5,codex-cli.default
adaptive-affective_shutdown_v1-1778422032215-hw878p,eval-2026-05-10-8aedb51d,cell_118,cell_118_state_policy_minimal_profile,affective_shutdown_v1,affective_shutdown,2,5,acknowledge_and_redirect,repair_affective,0.62,unknown,0,0,0,0,0,0,,0,0,,0,acknowledge_and_redirect,repair_affective,1,1,1,5,5,5,4,4.75,codex-cli.default
adaptive-affective_shutdown_v1-1778422142732-t5oa7e,eval-2026-05-10-24268254,cell_118,cell_118_state_policy_minimal_profile,affective_shutdown_v1,affective_shutdown,2,5,acknowledge_and_redirect,repair_affective,0.16,unknown,0,0,0,0,0,0,,0,0,,1,acknowledge_and_redirect,repair_affective,1,1,1,5,5,4,5,4.75,codex-cli.default
adaptive-affective_shutdown_v1-1778422306381-pyhdv0,eval-2026-05-10-8fb6e098,cell_118,cell_118_state_policy_minimal_profile,affective_shutdown_v1,affective_shutdown,2,5,acknowledge_and_redirect,repair_affective,0.28,unknown,0,0,0,0,0,0,,0,0,,1,acknowledge_and_redirect,repair_affective,1,1,1,5,5,5,5,5,codex-cli.default
adaptive-affective_shutdown_v1-1778422384489-n8cwzs,eval-2026-05-10-556b5243,cell_118,cell_118_state_policy_minimal_profile,affective_shutdown_v1,affective_shutdown,2,5,acknowledge_and_redirect,repair_affective,0.28,unknown,0,0,0,0,0,0,,0,0,,2,acknowledge_and_redirect,repair_affective,1,1,1,5,5,5,4,4.75,codex-cli.default
adaptive-repair_after_misrecognition_v1-1778422520127-p0yt54,eval-2026-05-10-8aedb51d,cell_118,cell_118_state_policy_minimal_profile,repair_after_misrecognition_v1,repair_after_misrecognition,2,5,repair_misrecognition,repair_affective,0.76,unknown,0,0,0,0,0,0,,0,0,,0,repair_misrecognition,repair_affective,1,1,1,5,5,5,4,4.75,codex-cli.default
adaptive-repair_after_misrecognition_v1-1778422592541-4smk51,eval-2026-05-10-24268254,cell_118,cell_118_state_policy_minimal_profile,repair_after_misrecognition_v1,repair_after_misrecognition,2,5,repair_misrecognition,repair_affective,0.78,unknown,0,0,0,0,0,0,,0,0,,0,repair_misrecognition,repair_affective,1,1,1,5,5,5,5,5,codex-cli.default
adaptive-repair_after_misrecognition_v1-1778422703108-mcahte,eval-2026-05-10-8fb6e098,cell_118,cell_118_state_policy_minimal_profile,repair_after_misrecognition_v1,repair_after_misrecognition,2,5,repair_misrecognition,repair_affective,0.68,unknown,0,0,0,0,0,0,,0,0,,0,repair_misrecognition,repair_affective,1,1,1,5,5,4,4,4.5,codex-cli.default
adaptive-repair_after_misrecognition_v1-1778422806426-8lh7zv,eval-2026-05-10-556b5243,cell_118,cell_118_state_policy_minimal_profile,repair_after_misrecognition_v1,repair_after_misrecognition,2,5,repair_misrecognition,repair_affective,0.67,unknown,0,0,0,0,0,0,,0,0,,0,repair_misrecognition,repair_affective,1,1,1,5,5,5,5,5,codex-cli.default
adaptive-sophistication_upgrade_v1-1778423020355-9lxxze,eval-2026-05-10-8aedb51d,cell_118,cell_118_state_policy_minimal_profile,sophistication_upgrade_v1,sophistication_upgrade,2,5,mirror_and_extend,substantive_engagement,0.94,unknown,0,0,0,0,0,0,,0,0,,0,mirror_and_extend,substantive_engagement,1,1,1,4,5,4,4,4.25,codex-cli.default
adaptive-sophistication_upgrade_v1-1778423023627-fzr9x9,eval-2026-05-10-24268254,cell_118,cell_118_state_policy_minimal_profile,sophistication_upgrade_v1,sophistication_upgrade,2,5,mirror_and_extend,substantive_engagement,0.95,unknown,0,0,0,0,0,0,,0,0,,0,name_the_disagreement,substantive_engagement,0,0,1,4,3,4,4,3.75,codex-cli.default
adaptive-sophistication_upgrade_v1-1778423193562-ifsxtv,eval-2026-05-10-8fb6e098,cell_118,cell_118_state_policy_minimal_profile,sophistication_upgrade_v1,sophistication_upgrade,2,5,mirror_and_extend,substantive_engagement,0.91,unknown,0,0,0,0,0,0,,0,0,,0,name_the_disagreement,substantive_engagement,0,0,1,5,4,5,5,4.75,codex-cli.default
adaptive-sophistication_upgrade_v1-1778423319137-slavfa,eval-2026-05-10-556b5243,cell_118,cell_118_state_policy_minimal_profile,sophistication_upgrade_v1,sophistication_upgrade,2,5,mirror_and_extend,substantive_engagement,0.91,unknown,0,0,0,0,0,0,,0,0,,0,repair_misrecognition,repair_affective,0,0,0,5,4,4,4,4.25,codex-cli.default
adaptive-cross_epistemic_resistance-1778620884442-xme2fn,eval-2026-05-12-de6d48ab,cell_124,cell_124_langgraph_adaptive_crosssuite,cross_epistemic_resistance,epistemic_resistance,1,4,name_the_disagreement|scope_test|pose_counterexample,substantive_engagement,0.84,questioning,2,542,0,0,0,0,,0,0,,0,name_the_disagreement,substantive_engagement,1,1,1,5,4,5,5,4.75,codex-cli.default
adaptive-cross_epistemic_resistance__r1-1778621553308-13afkv,eval-2026-05-12-de6d48ab,cell_124,cell_124_langgraph_adaptive_crosssuite,cross_epistemic_resistance__r1,epistemic_resistance,1,4,name_the_disagreement|scope_test|pose_counterexample,substantive_engagement,0.88,collaborative,2,761,0,0,0,0,,0,0,,0,name_the_disagreement,substantive_engagement,1,1,1,4,3,4,4,3.75,codex-cli.default
adaptive-cross_epistemic_resistance__r2-1778622286788-cja2sc,eval-2026-05-12-de6d48ab,cell_124,cell_124_langgraph_adaptive_crosssuite,cross_epistemic_resistance__r2,epistemic_resistance,1,4,name_the_disagreement|scope_test|pose_counterexample,substantive_engagement,0.87,questioning,2,944,0,0,0,0,,0,0,,0,name_the_disagreement,substantive_engagement,1,1,1,4,4,4,4,4,codex-cli.default
adaptive-cross_epistemic_resistance__r3-1778623043846-dntqrk,eval-2026-05-12-de6d48ab,cell_124,cell_124_langgraph_adaptive_crosssuite,cross_epistemic_resistance__r3,epistemic_resistance,1,4,name_the_disagreement|scope_test|pose_counterexample,substantive_engagement,0.87,collaborative,1,828,0,0,0,0,,0,0,,1,name_the_disagreement,substantive_engagement,1,1,1,5,4,4,4,4.25,codex-cli.default
adaptive-cross_affective_shutdown-1778624038069-k9re1k,eval-2026-05-12-de6d48ab,cell_124,cell_124_langgraph_adaptive_crosssuite,cross_affective_shutdown,affective_shutdown,2,5,acknowledge_and_redirect,repair_affective,0.65,questioning,4,845,0,0,0,0,,0,0,,1,acknowledge_and_redirect,repair_affective,1,1,1,5,5,5,4,4.75,codex-cli.default
adaptive-cross_affective_shutdown__r1-1778625013442-gxxw2q,eval-2026-05-12-de6d48ab,cell_124,cell_124_langgraph_adaptive_crosssuite,cross_affective_shutdown__r1,affective_shutdown,2,5,acknowledge_and_redirect,repair_affective,0.13,resistant,3,749,0,0,0,0,,0,0,,1,acknowledge_and_redirect,repair_affective,1,1,1,5,4,4,4,4.25,codex-cli.default
adaptive-cross_affective_shutdown__r2-1778625778990-nb9w1v,eval-2026-05-12-de6d48ab,cell_124,cell_124_langgraph_adaptive_crosssuite,cross_affective_shutdown__r2,affective_shutdown,2,5,acknowledge_and_redirect,repair_affective,0.41,questioning,3,707,0,0,0,0,,0,0,,0,acknowledge_and_redirect,repair_affective,1,1,1,5,4,4,3,4,codex-cli.default
adaptive-cross_affective_shutdown__r3-1778626496790-owtk6z,eval-2026-05-12-de6d48ab,cell_124,cell_124_langgraph_adaptive_crosssuite,cross_affective_shutdown__r3,affective_shutdown,2,5,acknowledge_and_redirect,repair_affective,0.68,questioning,3,676,0,0,0,0,,0,0,,0,acknowledge_and_redirect,repair_affective,1,1,1,5,5,5,5,5,codex-cli.default
adaptive-cross_productive_deadlock-1778627325245-chkzml,eval-2026-05-12-de6d48ab,cell_124,cell_124_langgraph_adaptive_crosssuite,cross_productive_deadlock,productive_deadlock,2,5,name_the_disagreement,substantive_engagement,0.92,collaborative,0,837,0,0,0,0,,0,0,,0,name_the_disagreement,substantive_engagement,1,1,1,4,5,5,5,4.75,codex-cli.default
adaptive-cross_productive_deadlock__r1-1778628249849-t5vs2n,eval-2026-05-12-de6d48ab,cell_124,cell_124_langgraph_adaptive_crosssuite,cross_productive_deadlock__r1,productive_deadlock,2,5,name_the_disagreement,substantive_engagement,0.87,questioning,2,794,0,0,0,0,,0,0,,0,pose_counterexample,substantive_engagement,0,0,1,4,3,4,4,3.75,codex-cli.default
adaptive-cross_productive_deadlock__r2-1778629137258-snomba,eval-2026-05-12-de6d48ab,cell_124,cell_124_langgraph_adaptive_crosssuite,cross_productive_deadlock__r2,productive_deadlock,2,5,name_the_disagreement,substantive_engagement,0.84,collaborative,2,630,0,0,0,0,,0,0,,0,name_the_disagreement,substantive_engagement,1,1,1,5,4,5,5,4.75,codex-cli.default
adaptive-cross_productive_deadlock__r3-1778629950815-ycss1w,eval-2026-05-12-de6d48ab,cell_124,cell_124_langgraph_adaptive_crosssuite,cross_productive_deadlock__r3,productive_deadlock,2,5,name_the_disagreement,substantive_engagement,0.91,questioning,0,791,0,0,0,0,,0,0,,0,name_the_disagreement,substantive_engagement,1,1,1,4,4,4,4,4,codex-cli.default
adaptive-cross_misconception_surfaces-1778630636390-a88mk5,eval-2026-05-12-de6d48ab,cell_124,cell_124_langgraph_adaptive_crosssuite,cross_misconception_surfaces,misconception_surfaces,1,4,ask_diagnostic_question,diagnostic,0.77,collaborative,2,556,0,0,0,0,,0,0,,0,pose_counterexample,substantive_engagement,0,0,0,5,2,4,5,4,codex-cli.default
adaptive-cross_misconception_surfaces__r1-1778631326092-qth8o3,eval-2026-05-12-de6d48ab,cell_124,cell_124_langgraph_adaptive_crosssuite,cross_misconception_surfaces__r1,misconception_surfaces,1,4,ask_diagnostic_question,diagnostic,0.91,collaborative,1,591,0,0,0,0,,0,0,,0,name_the_disagreement,substantive_engagement,0,0,0,4,4,4,4,4,codex-cli.default
adaptive-cross_misconception_surfaces__r2-1778632017805-hkyex2,eval-2026-05-12-de6d48ab,cell_124,cell_124_langgraph_adaptive_crosssuite,cross_misconception_surfaces__r2,misconception_surfaces,1,4,ask_diagnostic_question,diagnostic,0.74,questioning,3,425,0,0,0,0,,0,0,,0,pose_counterexample,substantive_engagement,0,0,0,5,3,4,4,4,codex-cli.default
adaptive-cross_misconception_surfaces__r3-1778632681079-s8vi7c,eval-2026-05-12-de6d48ab,cell_124,cell_124_langgraph_adaptive_crosssuite,cross_misconception_surfaces__r3,misconception_surfaces,1,4,ask_diagnostic_question,diagnostic,0.64,questioning,3,629,0,0,0,0,,0,0,,0,pose_counterexample,substantive_engagement,0,0,0,4,2,4,3,3.25,codex-cli.default
adaptive-cross_activity_avoidance-1778633428557-avcmuc,eval-2026-05-12-de6d48ab,cell_124,cell_124_langgraph_adaptive_crosssuite,cross_activity_avoidance,activity_avoidance,2,5,withhold_answer,scaffolding,0.81,collaborative,3,443,0,0,0,0,,0,0,,0,name_the_disagreement,substantive_engagement,0,0,0,5,4,5,5,4.75,codex-cli.default
adaptive-cross_activity_avoidance__r1-1778634194629-axdskq,eval-2026-05-12-de6d48ab,cell_124,cell_124_langgraph_adaptive_crosssuite,cross_activity_avoidance__r1,activity_avoidance,2,5,withhold_answer,scaffolding,0.75,collaborative,3,709,0,0,0,0,,0,0,,0,name_the_disagreement,substantive_engagement,0,0,0,5,4,4,4,4.25,codex-cli.default
adaptive-cross_activity_avoidance__r2-1778635053443-ez9wcu,eval-2026-05-12-de6d48ab,cell_124,cell_124_langgraph_adaptive_crosssuite,cross_activity_avoidance__r2,activity_avoidance,2,5,withhold_answer,scaffolding,0.83,collaborative,3,657,0,0,0,0,,0,0,,0,name_the_disagreement,substantive_engagement,0,0,0,5,5,4,4,4.5,codex-cli.default
adaptive-cross_activity_avoidance__r3-1778635800185-ll4uib,eval-2026-05-12-de6d48ab,cell_124,cell_124_langgraph_adaptive_crosssuite,cross_activity_avoidance__r3,activity_avoidance,2,5,withhold_answer,scaffolding,0.79,collaborative,2,723,0,0,0,0,,0,0,,0,withhold_answer,scaffolding,1,1,1,5,5,4,5,4.75,codex-cli.default
adaptive-cross_struggling_overload-1778636455610-x3n52s,eval-2026-05-12-de6d48ab,cell_124,cell_124_langgraph_adaptive_crosssuite,cross_struggling_overload,struggling_overload,1,4,lower_cognitive_load,scaffolding,0.34,collaborative,2,521,0,0,0,0,,0,0,,0,acknowledge_and_redirect,repair_affective,0,0,0,4,4,4,3,3.75,codex-cli.default
adaptive-cross_struggling_overload__r1-1778637136098-bsvp33,eval-2026-05-12-de6d48ab,cell_124,cell_124_langgraph_adaptive_crosssuite,cross_struggling_overload__r1,struggling_overload,1,4,lower_cognitive_load,scaffolding,0.62,questioning,3,504,0,0,0,0,,0,0,,0,lower_cognitive_load,scaffolding,1,1,1,4,4,4,3,3.75,codex-cli.default
adaptive-cross_struggling_overload__r2-1778637758463-o2idm9,eval-2026-05-12-de6d48ab,cell_124,cell_124_langgraph_adaptive_crosssuite,cross_struggling_overload__r2,struggling_overload,1,4,lower_cognitive_load,scaffolding,0.4,collaborative,2,365,0,0,0,0,,0,0,,0,lower_cognitive_load,scaffolding,1,1,1,4,4,4,3,3.75,codex-cli.default
adaptive-cross_struggling_overload__r3-1778638345345-kyhe4v,eval-2026-05-12-de6d48ab,cell_124,cell_124_langgraph_adaptive_crosssuite,cross_struggling_overload__r3,struggling_overload,1,4,lower_cognitive_load,scaffolding,0.41,collaborative,3,395,0,0,0,0,,0,0,,0,lower_cognitive_load,scaffolding,1,1,1,5,5,4,4,4.5,codex-cli.default
adaptive-false_confusion_v1-1778919254121-bp5kfj,eval-2026-05-16-3be510e0,cell_126,cell_126_state_policy_evidence_bound,false_confusion_v1,false_confusion,1,4,scope_test,substantive_engagement,0.83,collaborative,1,503,3,0,2,1,0.5333333333333333,10,10,0,1,mirror_and_extend,substantive_engagement,0,0,1,1,1,4,4,2.5,codex-cli.default
adaptive-false_confusion_v1__r1-1778920377247-ipr5q4,eval-2026-05-16-3be510e0,cell_126,cell_126_state_policy_evidence_bound,false_confusion_v1__r1,false_confusion,1,4,scope_test,substantive_engagement,0.82,collaborative,1,390,4,0,2,2,0.4125,10,10,0,0,mirror_and_extend,substantive_engagement,0,0,1,3,2,4,4,3.25,codex-cli.default
adaptive-false_confusion_v1__r2-1778921541741-6aew5f,eval-2026-05-16-3be510e0,cell_126,cell_126_state_policy_evidence_bound,false_confusion_v1__r2,false_confusion,1,4,scope_test,substantive_engagement,0.91,collaborative,1,408,4,0,2,2,0.375,10,10,0,0,name_the_disagreement,substantive_engagement,0,0,1,5,4,5,5,4.75,codex-cli.default
adaptive-false_confusion_v1__r3-1778922761530-5xmnrr,eval-2026-05-16-3be510e0,cell_126,cell_126_state_policy_evidence_bound,false_confusion_v1__r3,false_confusion,1,4,scope_test,substantive_engagement,0.78,collaborative,2,420,4,0,3,2,0.4,14,14,0,0,mirror_and_extend,substantive_engagement,0,0,1,2,1,4,4,2.75,codex-cli.default
adaptive-polite_false_mastery_v1-1778923710017-n25w03,eval-2026-05-16-3be510e0,cell_126,cell_126_state_policy_evidence_bound,polite_false_mastery_v1,polite_false_mastery,1,4,ask_diagnostic_question,diagnostic,0.71,questioning,2,446,3,0,3,0,0.6166666666666667,6,6,0,0,ask_diagnostic_question,diagnostic,1,1,1,5,5,4,4,4.5,codex-cli.default
adaptive-polite_false_mastery_v1__r1-1778924608280-vnhsig,eval-2026-05-16-3be510e0,cell_126,cell_126_state_policy_evidence_bound,polite_false_mastery_v1__r1,polite_false_mastery,1,4,ask_diagnostic_question,diagnostic,0.67,questioning,2,393,3,0,2,1,0.4666666666666666,6,6,0,0,scope_test,substantive_engagement,0,0,0,1,1,4,4,2.5,codex-cli.default
adaptive-polite_false_mastery_v1__r2-1778925458551-ovmsrf,eval-2026-05-16-3be510e0,cell_126,cell_126_state_policy_evidence_bound,polite_false_mastery_v1__r2,polite_false_mastery,1,4,ask_diagnostic_question,diagnostic,0.37,questioning,3,669,2,0,2,0,0.575,6,6,0,0,ask_diagnostic_question,diagnostic,1,1,1,4,5,4,4,4.25,codex-cli.default
adaptive-polite_false_mastery_v1__r3-1778926368429-efec9g,eval-2026-05-16-3be510e0,cell_126,cell_126_state_policy_evidence_bound,polite_false_mastery_v1__r3,polite_false_mastery,1,4,ask_diagnostic_question,diagnostic,0.48,questioning,2,337,2,0,2,0,0.6000000000000001,4,4,0,1,lower_cognitive_load,scaffolding,0,0,0,4,5,4,3,4,codex-cli.default
adaptive-resistance_to_insight_v1-1778927409980-q5ccoa,eval-2026-05-16-3be510e0,cell_126,cell_126_state_policy_evidence_bound,resistance_to_insight_v1,resistance_to_insight,1,4,scope_test|name_the_disagreement|pose_counterexample,substantive_engagement,0.68,questioning,1,541,3,0,2,1,0.48333333333333334,7,6,0,0,mirror_and_extend,substantive_engagement,0,0,1,4,3,4,4,3.75,codex-cli.default
adaptive-resistance_to_insight_v1__r1-1778928417568-8i346x,eval-2026-05-16-3be510e0,cell_126,cell_126_state_policy_evidence_bound,resistance_to_insight_v1__r1,resistance_to_insight,1,4,scope_test|name_the_disagreement|pose_counterexample,substantive_engagement,0.84,collaborative,4,542,4,0,3,1,0.4875,7,7,0,0,mirror_and_extend,substantive_engagement,0,0,1,5,4,5,5,4.75,codex-cli.default
adaptive-resistance_to_insight_v1__r2-1778929587770-wcxmal,eval-2026-05-16-3be510e0,cell_126,cell_126_state_policy_evidence_bound,resistance_to_insight_v1__r2,resistance_to_insight,1,4,scope_test|name_the_disagreement|pose_counterexample,substantive_engagement,0.88,questioning,1,716,4,0,3,1,0.5,7,7,0,0,name_the_disagreement,substantive_engagement,1,1,1,4,3,4,4,3.75,codex-cli.default
adaptive-resistance_to_insight_v1__r3-1778930549325-qs08zs,eval-2026-05-16-3be510e0,cell_126,cell_126_state_policy_evidence_bound,resistance_to_insight_v1__r3,resistance_to_insight,1,4,scope_test|name_the_disagreement|pose_counterexample,substantive_engagement,0.78,questioning,2,526,3,0,2,1,0.48333333333333334,8,8,0,0,mirror_and_extend,substantive_engagement,0,0,1,2,1,3,3,2.25,codex-cli.default
adaptive-answer_seeking_to_productive_struggle_v1-1778931827547-8lzlzy,eval-2026-05-16-3be510e0,cell_126,cell_126_state_policy_evidence_bound,answer_seeking_to_productive_struggle_v1,answer_seeking_to_productive_struggle,2,5,withhold_answer,scaffolding,0.74,collaborative,3,534,4,0,4,0,0.6875000000000001,11,11,0,0,withhold_answer,scaffolding,1,1,1,4,5,5,4,4.5,codex-cli.default
adaptive-false_confusion_v1-1778946443012-x84pq0,eval-2026-05-16-d568e315,cell_126,cell_126_state_policy_evidence_bound,false_confusion_v1,false_confusion,1,4,scope_test,substantive_engagement,0.78,questioning,3,445,3,0,2,2,0.43333333333333335,10,10,0,1,mirror_and_extend,substantive_engagement,0,0,1,5,3,4,5,4.25,codex-cli.default
adaptive-false_confusion_v1__r1-1778947577450-uq33kx,eval-2026-05-16-d568e315,cell_126,cell_126_state_policy_evidence_bound,false_confusion_v1__r1,false_confusion,1,4,scope_test,substantive_engagement,0.76,questioning,2,640,3,0,2,1,0.5166666666666666,11,11,0,0,mirror_and_extend,substantive_engagement,0,0,1,2,1,4,4,2.75,codex-cli.default
adaptive-false_confusion_v1__r2-1778948555017-mc05yu,eval-2026-05-16-d568e315,cell_126,cell_126_state_policy_evidence_bound,false_confusion_v1__r2,false_confusion,1,4,scope_test,substantive_engagement,0.67,questioning,2,290,4,0,4,0,0.645,9,9,0,0,mirror_and_extend,substantive_engagement,0,0,1,4,4,4,5,4.25,codex-cli.default
adaptive-polite_false_mastery_v1-1778949629792-r02rm6,eval-2026-05-16-d568e315,cell_126,cell_126_state_policy_evidence_bound,polite_false_mastery_v1,polite_false_mastery,1,4,ask_diagnostic_question,diagnostic,0.52,questioning,3,293,3,0,3,0,0.5333333333333333,5,5,0,0,ask_diagnostic_question,diagnostic,1,1,1,4,5,4,3,4,codex-cli.default
adaptive-polite_false_mastery_v1__r1-1778950548086-dvfc2l,eval-2026-05-16-d568e315,cell_126,cell_126_state_policy_evidence_bound,polite_false_mastery_v1__r1,polite_false_mastery,1,4,ask_diagnostic_question,diagnostic,0.62,questioning,2,506,3,0,2,1,0.43333333333333335,7,7,0,0,ask_diagnostic_question,diagnostic,1,1,1,4,5,5,4,4.5,codex-cli.default
adaptive-polite_false_mastery_v1__r2-1778951426644-ayv8dj,eval-2026-05-16-d568e315,cell_126,cell_126_state_policy_evidence_bound,polite_false_mastery_v1__r2,polite_false_mastery,1,4,ask_diagnostic_question,diagnostic,0.51,questioning,3,497,3,0,3,0,0.6333333333333333,8,8,0,0,ask_diagnostic_question,diagnostic,1,1,1,4,5,4,4,4.25,codex-cli.default
adaptive-resistance_to_insight_v1-1778952497395-mulrj9,eval-2026-05-16-d568e315,cell_126,cell_126_state_policy_evidence_bound,resistance_to_insight_v1,resistance_to_insight,1,4,scope_test|name_the_disagreement|pose_counterexample,substantive_engagement,0.73,questioning,1,484,3,0,2,1,0.47333333333333333,7,7,0,0,pose_counterexample,substantive_engagement,1,1,1,4,4,4,3,3.75,codex-cli.default
adaptive-resistance_to_insight_v1__r1-1778953481017-mdy6d7,eval-2026-05-16-d568e315,cell_126,cell_126_state_policy_evidence_bound,resistance_to_insight_v1__r1,resistance_to_insight,1,4,scope_test|name_the_disagreement|pose_counterexample,substantive_engagement,0.72,questioning,3,329,3,0,2,1,0.4666666666666666,7,7,0,0,mirror_and_extend,substantive_engagement,0,0,1,4,3,3,3,3.25,codex-cli.default
adaptive-resistance_to_insight_v1__r2-1778954545804-6vvoy0,eval-2026-05-16-d568e315,cell_126,cell_126_state_policy_evidence_bound,resistance_to_insight_v1__r2,resistance_to_insight,1,4,scope_test|name_the_disagreement|pose_counterexample,substantive_engagement,0.81,questioning,1,634,3,0,2,1,0.4666666666666666,7,7,0,0,scope_test,substantive_engagement,1,1,1,4,4,5,4,4.25,codex-cli.default
adaptive-false_confusion_v1-1778962012279-qrqkle,eval-2026-05-16-7618e763,cell_126,cell_126_state_policy_evidence_bound,false_confusion_v1,false_confusion,1,4,scope_test,substantive_engagement,0.81,questioning,1,330,3,0,1,2,0.39999999999999997,10,10,0,0,name_the_disagreement,substantive_engagement,0,0,1,5,3,5,5,4.5,codex-cli.default
adaptive-false_confusion_v1__r1-1778963112782-u94qqp,eval-2026-05-16-7618e763,cell_126,cell_126_state_policy_evidence_bound,false_confusion_v1__r1,false_confusion,1,4,scope_test,substantive_engagement,0.88,collaborative,2,408,3,0,2,1,0.5499999999999999,10,10,0,0,mirror_and_extend,substantive_engagement,0,0,1,2,1,4,4,2.75,codex-cli.default
adaptive-false_confusion_v1-1778965179588-iyp03u,eval-2026-05-16-20df7c6d,cell_126,cell_126_state_policy_evidence_bound,false_confusion_v1,false_confusion,1,4,scope_test,substantive_engagement,0.83,questioning,2,473,5,0,3,2,0.48999999999999994,10,10,0,1,scope_test,substantive_engagement,1,1,1,5,5,5,5,5,codex-cli.default
adaptive-polite_false_mastery_v1-1778966040055-iodc3s,eval-2026-05-16-20df7c6d,cell_126,cell_126_state_policy_evidence_bound,polite_false_mastery_v1,polite_false_mastery,1,4,ask_diagnostic_question,diagnostic,0.65,compliant,3,427,1,0,1,0,0.5,2,2,1,0,pose_counterexample,substantive_engagement,0,0,0,4,4,4,3,3.75,codex-cli.default
adaptive-resistance_to_insight_v1-1778967143490-4lim61,eval-2026-05-16-20df7c6d,cell_126,cell_126_state_policy_evidence_bound,resistance_to_insight_v1,resistance_to_insight,1,4,scope_test|name_the_disagreement|pose_counterexample,substantive_engagement,0.81,collaborative,2,446,3,0,2,1,0.5066666666666667,8,8,0,1,mirror_and_extend,substantive_engagement,0,0,1,4,3,4,4,3.75,codex-cli.default
adaptive-answer_seeking_to_productive_struggle_v1-1778968375081-egu9og,eval-2026-05-16-20df7c6d,cell_126,cell_126_state_policy_evidence_bound,answer_seeking_to_productive_struggle_v1,answer_seeking_to_productive_struggle,2,5,withhold_answer,scaffolding,0.65,collaborative,2,567,3,0,2,2,0.3833333333333333,11,11,0,0,withhold_answer,scaffolding,1,1,1,4,5,4,4,4.25,codex-cli.default
adaptive-metaphor_boundary_case_v1-1778969837591-j24kok,eval-2026-05-16-20df7c6d,cell_126,cell_126_state_policy_evidence_bound,metaphor_boundary_case_v1,metaphor_boundary_case,2,5,name_the_disagreement,substantive_engagement,0.62,collaborative,2,1073,5,0,5,0,0.62,15,15,0,0,pose_counterexample,substantive_engagement,0,0,1,4,2,4,4,3.5,codex-cli.default
adaptive-affective_shutdown_v1-1778971206140-x7e2qw,eval-2026-05-16-20df7c6d,cell_126,cell_126_state_policy_evidence_bound,affective_shutdown_v1,affective_shutdown,2,5,acknowledge_and_redirect,repair_affective,0.52,questioning,4,533,2,0,2,0,0.725,9,9,0,2,acknowledge_and_redirect,repair_affective,1,1,1,4,4,4,4,4,codex-cli.default
adaptive-false_confusion_v1-1778973302318-rzrfp9,eval-2026-05-16-65dc376a,cell_126,cell_126_state_policy_evidence_bound,false_confusion_v1,false_confusion,1,4,scope_test,substantive_engagement,0.91,collaborative,1,405,3,0,2,1,0.5333333333333333,11,11,0,0,mirror_and_extend,substantive_engagement,0,0,1,4,2,4,4,3.5,codex-cli.default
adaptive-polite_false_mastery_v1-1778974244747-xmxtod,eval-2026-05-16-65dc376a,cell_126,cell_126_state_policy_evidence_bound,polite_false_mastery_v1,polite_false_mastery,1,4,ask_diagnostic_question,diagnostic,0.52,questioning,3,443,4,0,3,1,0.525,8,8,0,0,ask_diagnostic_question,diagnostic,1,1,1,4,5,4,4,4.25,codex-cli.default
adaptive-resistance_to_insight_v1-1778975274473-qmypnt,eval-2026-05-16-65dc376a,cell_126,cell_126_state_policy_evidence_bound,resistance_to_insight_v1,resistance_to_insight,1,4,scope_test|name_the_disagreement|pose_counterexample,substantive_engagement,0.84,collaborative,1,509,3,0,2,1,0.45,5,5,0,0,name_the_disagreement,substantive_engagement,1,1,1,5,4,5,5,4.75,codex-cli.default
adaptive-false_confusion_v1-1778919201197-mpiqsy,eval-2026-05-16-d65a0e9a,cell_127,cell_127_state_policy_evidence_bound_validated,false_confusion_v1,false_confusion,1,4,scope_test,substantive_engagement,0.82,questioning,2,553,3,1,0,2,0.3833333333333333,10,10,0,0,mirror_and_extend,substantive_engagement,0,0,1,2,1,4,4,2.75,codex-cli.default
adaptive-false_confusion_v1__r1-1778920416363-dlw6oh,eval-2026-05-16-d65a0e9a,cell_127,cell_127_state_policy_evidence_bound_validated,false_confusion_v1__r1,false_confusion,1,4,scope_test,substantive_engagement,0.87,questioning,2,402,4,1,1,2,0.4375,12,12,0,0,name_the_disagreement,substantive_engagement,0,0,1,2,1,4,3,2.5,codex-cli.default
adaptive-false_confusion_v1__r2-1778921825293-kg74du,eval-2026-05-16-d65a0e9a,cell_127,cell_127_state_policy_evidence_bound_validated,false_confusion_v1__r2,false_confusion,1,4,scope_test,substantive_engagement,0.78,collaborative,2,516,5,2,3,1,0.61,9,9,0,0,name_the_disagreement,substantive_engagement,0,0,1,3,2,4,4,3.25,codex-cli.default
adaptive-false_confusion_v1__r3-1778923142761-b9dyoy,eval-2026-05-16-d65a0e9a,cell_127,cell_127_state_policy_evidence_bound_validated,false_confusion_v1__r3,false_confusion,1,4,scope_test,substantive_engagement,0.8,collaborative,2,425,3,1,2,1,0.6566666666666667,11,11,0,0,mirror_and_extend,substantive_engagement,0,0,1,2,1,4,4,2.75,codex-cli.default
adaptive-polite_false_mastery_v1-1778924042344-dfgn7p,eval-2026-05-16-d65a0e9a,cell_127,cell_127_state_policy_evidence_bound_validated,polite_false_mastery_v1,polite_false_mastery,1,4,ask_diagnostic_question,diagnostic,0.4,questioning,3,321,2,1,1,0,0.6,6,6,0,0,ask_diagnostic_question,diagnostic,1,1,1,4,5,5,4,4.5,codex-cli.default
adaptive-polite_false_mastery_v1__r1-1778925027932-njke8r,eval-2026-05-16-d65a0e9a,cell_127,cell_127_state_policy_evidence_bound_validated,polite_false_mastery_v1__r1,polite_false_mastery,1,4,ask_diagnostic_question,diagnostic,0.58,questioning,2,329,3,1,1,1,0.55,7,7,0,0,ask_diagnostic_question,diagnostic,1,1,1,4,5,4,4,4.25,codex-cli.default
adaptive-polite_false_mastery_v1__r2-1778926028948-ser2fa,eval-2026-05-16-d65a0e9a,cell_127,cell_127_state_policy_evidence_bound_validated,polite_false_mastery_v1__r2,polite_false_mastery,1,4,ask_diagnostic_question,diagnostic,0.61,collaborative,3,405,3,1,1,1,0.5333333333333333,6,6,0,0,ask_diagnostic_question,diagnostic,1,1,1,4,5,5,4,4.5,codex-cli.default
adaptive-polite_false_mastery_v1__r3-1778927082998-an8fex,eval-2026-05-16-d65a0e9a,cell_127,cell_127_state_policy_evidence_bound_validated,polite_false_mastery_v1__r3,polite_false_mastery,1,4,ask_diagnostic_question,diagnostic,0.34,compliant,3,347,3,1,2,0,0.5833333333333334,6,6,0,0,scope_test,substantive_engagement,0,0,0,3,4,4,4,3.75,codex-cli.default
adaptive-resistance_to_insight_v1-1778928154407-nhiojr,eval-2026-05-16-d65a0e9a,cell_127,cell_127_state_policy_evidence_bound_validated,resistance_to_insight_v1,resistance_to_insight,1,4,scope_test|name_the_disagreement|pose_counterexample,substantive_engagement,0.81,collaborative,1,327,3,1,1,1,0.4166666666666667,6,6,0,0,name_the_disagreement,substantive_engagement,1,1,1,4,4,4,4,4,codex-cli.default
adaptive-resistance_to_insight_v1__r1-1778929449690-sb8cvb,eval-2026-05-16-d65a0e9a,cell_127,cell_127_state_policy_evidence_bound_validated,resistance_to_insight_v1__r1,resistance_to_insight,1,4,scope_test|name_the_disagreement|pose_counterexample,substantive_engagement,0.82,collaborative,4,414,4,0,3,1,0.44999999999999996,6,6,0,0,name_the_disagreement,substantive_engagement,1,1,1,5,4,5,4,4.5,codex-cli.default
adaptive-resistance_to_insight_v1__r2-1778930669913-tu4ofj,eval-2026-05-16-d65a0e9a,cell_127,cell_127_state_policy_evidence_bound_validated,resistance_to_insight_v1__r2,resistance_to_insight,1,4,scope_test|name_the_disagreement|pose_counterexample,substantive_engagement,0.78,questioning,2,304,3,2,0,1,0.5166666666666666,7,7,0,0,name_the_disagreement,substantive_engagement,1,1,1,4,3,4,4,3.75,codex-cli.default
adaptive-resistance_to_insight_v1__r3-1778931774728-vca5le,eval-2026-05-16-d65a0e9a,cell_127,cell_127_state_policy_evidence_bound_validated,resistance_to_insight_v1__r3,resistance_to_insight,1,4,scope_test|name_the_disagreement|pose_counterexample,substantive_engagement,0.74,collaborative,1,650,3,1,1,1,0.5,7,7,0,0,scope_test,substantive_engagement,1,1,1,4,3,4,4,3.75,codex-cli.default
adaptive-polite_false_mastery_v1__r1-1778956330990-4q2a8e,eval-2026-05-16-3b7e7640,cell_127,cell_127_state_policy_evidence_bound_validated,polite_false_mastery_v1__r1,polite_false_mastery,1,4,ask_diagnostic_question,diagnostic,0.74,questioning,2,405,3,1,2,1,0.5166666666666667,6,6,0,0,ask_diagnostic_question,diagnostic,1,1,1,4,5,4,4,4.25,codex-cli.default
adaptive-polite_false_mastery_v1__r2-1778957420861-a0xpez,eval-2026-05-16-3b7e7640,cell_127,cell_127_state_policy_evidence_bound_validated,polite_false_mastery_v1__r2,polite_false_mastery,1,4,ask_diagnostic_question,diagnostic,0.63,questioning,2,544,3,1,2,0,0.6,6,6,0,0,ask_diagnostic_question,diagnostic,1,1,1,4,5,4,4,4.25,codex-cli.default
adaptive-resistance_to_insight_v1-1778958524612-dy4wsi,eval-2026-05-16-3b7e7640,cell_127,cell_127_state_policy_evidence_bound_validated,resistance_to_insight_v1,resistance_to_insight,1,4,scope_test|name_the_disagreement|pose_counterexample,substantive_engagement,0.68,collaborative,1,568,3,1,1,1,0.49,8,8,0,0,mirror_and_extend,substantive_engagement,0,0,1,5,3,4,4,4,codex-cli.default
adaptive-resistance_to_insight_v1__r1-1778959502658-tv2d1h,eval-2026-05-16-3b7e7640,cell_127,cell_127_state_policy_evidence_bound_validated,resistance_to_insight_v1__r1,resistance_to_insight,1,4,scope_test|name_the_disagreement|pose_counterexample,substantive_engagement,0.78,collaborative,3,598,3,1,2,0,0.6333333333333333,7,7,0,0,mirror_and_extend,substantive_engagement,0,0,1,4,3,4,4,3.75,codex-cli.default
adaptive-resistance_to_insight_v1__r2-1778960515067-jvhvb1,eval-2026-05-16-3b7e7640,cell_127,cell_127_state_policy_evidence_bound_validated,resistance_to_insight_v1__r2,resistance_to_insight,1,4,scope_test|name_the_disagreement|pose_counterexample,substantive_engagement,0.78,questioning,2,329,4,0,3,1,0.5,6,6,0,0,pose_counterexample,substantive_engagement,1,1,1,4,4,4,4,4,codex-cli.default
adaptive-false_confusion_v1-1778973472261-gnz1lv,eval-2026-05-16-c1da04e7,cell_127,cell_127_state_policy_evidence_bound_validated,false_confusion_v1,false_confusion,1,4,scope_test,substantive_engagement,0.81,collaborative,2,446,3,2,0,1,0.5666666666666667,11,11,0,0,mirror_and_extend,substantive_engagement,0,0,1,3,2,4,4,3.25,codex-cli.default
adaptive-false_confusion_v1__r1-1778974698106-hsdz3e,eval-2026-05-16-c1da04e7,cell_127,cell_127_state_policy_evidence_bound_validated,false_confusion_v1__r1,false_confusion,1,4,scope_test,substantive_engagement,0.81,collaborative,2,629,3,2,0,1,0.5833333333333334,12,12,0,0,mirror_and_extend,substantive_engagement,0,0,1,4,3,4,4,3.75,codex-cli.default
adaptive-false_confusion_v1__r2-1778975926797-zl69py,eval-2026-05-16-c1da04e7,cell_127,cell_127_state_policy_evidence_bound_validated,false_confusion_v1__r2,false_confusion,1,4,scope_test,substantive_engagement,0.71,questioning,2,423,6,1,3,3,0.4749999999999999,10,10,0,0,scope_test,substantive_engagement,1,1,1,4,5,5,5,4.75,codex-cli.default
adaptive-polite_false_mastery_v1-1778976895123-wo75ke,eval-2026-05-16-c1da04e7,cell_127,cell_127_state_policy_evidence_bound_validated,polite_false_mastery_v1,polite_false_mastery,1,4,ask_diagnostic_question,diagnostic,0.62,collaborative,3,417,3,1,1,1,0.5333333333333333,7,7,0,0,ask_diagnostic_question,diagnostic,1,1,1,4,5,4,4,4.25,codex-cli.default
adaptive-polite_false_mastery_v1__r1-1778977802977-pd2tlj,eval-2026-05-16-c1da04e7,cell_127,cell_127_state_policy_evidence_bound_validated,polite_false_mastery_v1__r1,polite_false_mastery,1,4,ask_diagnostic_question,diagnostic,0.7,collaborative,3,369,3,1,2,0,0.6333333333333333,7,7,0,0,ask_diagnostic_question,diagnostic,1,1,1,3,4,4,4,3.75,codex-cli.default
adaptive-polite_false_mastery_v1__r2-1778978923144-bxjzhz,eval-2026-05-16-c1da04e7,cell_127,cell_127_state_policy_evidence_bound_validated,polite_false_mastery_v1__r2,polite_false_mastery,1,4,ask_diagnostic_question,diagnostic,0.54,questioning,2,434,2,1,1,0,0.65,5,5,0,1,provide_hint,scaffolding,0,0,0,4,4,4,4,4,codex-cli.default
adaptive-resistance_to_insight_v1-1778980014659-1d2pbe,eval-2026-05-16-c1da04e7,cell_127,cell_127_state_policy_evidence_bound_validated,resistance_to_insight_v1,resistance_to_insight,1,4,scope_test|name_the_disagreement|pose_counterexample,substantive_engagement,0.84,collaborative,3,646,3,2,0,1,0.5,9,9,0,0,mirror_and_extend,substantive_engagement,0,0,1,4,3,4,4,3.75,codex-cli.default
adaptive-resistance_to_insight_v1__r1-1778981024074-2ps9so,eval-2026-05-16-c1da04e7,cell_127,cell_127_state_policy_evidence_bound_validated,resistance_to_insight_v1__r1,resistance_to_insight,1,4,scope_test|name_the_disagreement|pose_counterexample,substantive_engagement,0.65,collaborative,2,459,3,1,1,1,0.45,6,6,0,0,mirror_and_extend,substantive_engagement,0,0,1,4,3,4,4,3.75,codex-cli.default
adaptive-resistance_to_insight_v1__r2-1778982187634-464z9m,eval-2026-05-16-c1da04e7,cell_127,cell_127_state_policy_evidence_bound_validated,resistance_to_insight_v1__r2,resistance_to_insight,1,4,scope_test|name_the_disagreement|pose_counterexample,substantive_engagement,0.78,questioning,1,321,4,1,2,1,0.525,8,8,0,0,mirror_and_extend,substantive_engagement,0,0,1,4,3,4,4,3.75,codex-cli.default
adaptive-false_confusion_v1-1778996988675-gypiqf,eval-2026-05-17-a4a74b0b,cell_127,cell_127_state_policy_evidence_bound_validated,false_confusion_v1,false_confusion,1,4,scope_test,substantive_engagement,0.83,collaborative,1,487,3,1,1,1,0.5,9,9,0,0,mirror_and_extend,substantive_engagement,0,0,1,2,1,4,4,2.75,codex-cli.default
adaptive-polite_false_mastery_v1-1778998184457-r387ha,eval-2026-05-17-a4a74b0b,cell_127,cell_127_state_policy_evidence_bound_validated,polite_false_mastery_v1,polite_false_mastery,1,4,ask_diagnostic_question,diagnostic,0.47,questioning,2,348,3,2,1,0,0.65,7,7,0,1,ask_diagnostic_question,diagnostic,1,1,1,4,4,4,4,4,codex-cli.default
adaptive-resistance_to_insight_v1-1778999167764-cklx60,eval-2026-05-17-a4a74b0b,cell_127,cell_127_state_policy_evidence_bound_validated,resistance_to_insight_v1,resistance_to_insight,1,4,scope_test|name_the_disagreement|pose_counterexample,substantive_engagement,0.78,collaborative,2,488,3,2,0,1,0.48333333333333334,8,8,0,0,mirror_and_extend,substantive_engagement,0,0,1,2,2,3,3,2.5,codex-cli.default
adaptive-answer_seeking_to_productive_struggle_v1-1779000454275-wp4nqc,eval-2026-05-17-a4a74b0b,cell_127,cell_127_state_policy_evidence_bound_validated,answer_seeking_to_productive_struggle_v1,answer_seeking_to_productive_struggle,2,5,withhold_answer,scaffolding,0.65,collaborative,3,471,3,2,0,1,0.54,14,14,0,0,withhold_answer,scaffolding,1,1,1,5,4,4,4,4.25,codex-cli.default
adaptive-metaphor_boundary_case_v1-1779002034591-hsz5am,eval-2026-05-17-a4a74b0b,cell_127,cell_127_state_policy_evidence_bound_validated,metaphor_boundary_case_v1,metaphor_boundary_case,2,5,name_the_disagreement,substantive_engagement,0.68,collaborative,0,934,3,1,1,1,0.5166666666666666,16,16,0,0,name_the_disagreement,substantive_engagement,1,1,1,5,5,5,4,4.75,codex-cli.default
adaptive-affective_shutdown_v1-1779003361191-haa16r,eval-2026-05-17-a4a74b0b,cell_127,cell_127_state_policy_evidence_bound_validated,affective_shutdown_v1,affective_shutdown,2,5,acknowledge_and_redirect,repair_affective,0.42,compliant,3,401,3,1,2,0,0.6333333333333333,8,8,0,1,acknowledge_and_redirect,repair_affective,1,1,1,5,5,4,5,4.75,codex-cli.default
adaptive-repair_after_misrecognition_v1-1779004926922-n7omo3,eval-2026-05-17-a4a74b0b,cell_127,cell_127_state_policy_evidence_bound_validated,repair_after_misrecognition_v1,repair_after_misrecognition,2,5,repair_misrecognition,repair_affective,0.74,collaborative,2,506,3,2,0,1,0.6,14,14,0,1,repair_misrecognition,repair_affective,1,1,1,5,5,4,4,4.5,codex-cli.default
adaptive-false_confusion_v1-1778909057705-l0i6uz,eval-2026-05-16-5a5014a0,cell_128,cell_128_state_policy_minimal_profile_evidence_bound_validated,false_confusion_v1,false_confusion,1,4,scope_test,substantive_engagement,0.68,unknown,0,0,4,2,0,2,0.4125,9,9,0,0,mirror_and_extend,substantive_engagement,0,0,1,2,1,4,4,2.75,codex-cli.default
adaptive-polite_false_mastery_v1-1778909886728-0wiazk,eval-2026-05-16-5a5014a0,cell_128,cell_128_state_policy_minimal_profile_evidence_bound_validated,polite_false_mastery_v1,polite_false_mastery,1,4,ask_diagnostic_question,diagnostic,0.73,unknown,0,0,2,0,2,0,0.5,2,2,1,0,ask_diagnostic_question,diagnostic,1,1,1,5,5,5,4,4.75,codex-cli.default
adaptive-resistance_to_insight_v1-1778910973356-u8x7rg,eval-2026-05-16-5a5014a0,cell_128,cell_128_state_policy_minimal_profile_evidence_bound_validated,resistance_to_insight_v1,resistance_to_insight,1,4,scope_test|name_the_disagreement|pose_counterexample,substantive_engagement,0.72,unknown,0,0,4,1,2,1,0.44999999999999996,6,6,0,0,mirror_and_extend,substantive_engagement,0,0,1,5,4,5,5,4.75,codex-cli.default
adaptive-answer_seeking_to_productive_struggle_v1-1778912276452-mwbhtk,eval-2026-05-16-5a5014a0,cell_128,cell_128_state_policy_minimal_profile_evidence_bound_validated,answer_seeking_to_productive_struggle_v1,answer_seeking_to_productive_struggle,2,5,withhold_answer,scaffolding,0.62,unknown,0,0,3,1,1,2,0.5,10,10,0,0,withhold_answer,scaffolding,1,1,1,5,5,4,4,4.5,codex-cli.default
adaptive-metaphor_boundary_case_v1-1778913790184-5zczvg,eval-2026-05-16-5a5014a0,cell_128,cell_128_state_policy_minimal_profile_evidence_bound_validated,metaphor_boundary_case_v1,metaphor_boundary_case,2,5,name_the_disagreement,substantive_engagement,0.72,unknown,0,0,4,3,1,0,0.73,12,12,0,0,pose_counterexample,substantive_engagement,0,0,1,4,4,4,5,4.25,codex-cli.default
adaptive-affective_shutdown_v1-1778914995664-pqvxb0,eval-2026-05-16-5a5014a0,cell_128,cell_128_state_policy_minimal_profile_evidence_bound_validated,affective_shutdown_v1,affective_shutdown,2,5,acknowledge_and_redirect,repair_affective,0.62,unknown,0,0,2,2,0,0,0.8,8,8,0,0,acknowledge_and_redirect,repair_affective,1,1,1,5,5,4,5,4.75,codex-cli.default
adaptive-repair_after_misrecognition_v1-1778916302240-gehqx7,eval-2026-05-16-5a5014a0,cell_128,cell_128_state_policy_minimal_profile_evidence_bound_validated,repair_after_misrecognition_v1,repair_after_misrecognition,2,5,repair_misrecognition,repair_affective,0.87,unknown,0,0,3,2,1,0,0.7333333333333334,13,13,0,0,repair_misrecognition,repair_affective,1,1,1,5,5,5,4,4.75,codex-cli.default
adaptive-sophistication_upgrade_v1-1778917983260-pw1phv,eval-2026-05-16-5a5014a0,cell_128,cell_128_state_policy_minimal_profile_evidence_bound_validated,sophistication_upgrade_v1,sophistication_upgrade,2,5,mirror_and_extend,substantive_engagement,0.91,unknown,0,0,3,2,0,1,0.6,18,18,0,1,mirror_and_extend,substantive_engagement,1,1,1,4,4,4,4,4,codex-cli.default
adaptive-false_confusion_v1-1778919246930-081rpy,eval-2026-05-16-46c06295,cell_128,cell_128_state_policy_minimal_profile_evidence_bound_validated,false_confusion_v1,false_confusion,1,4,scope_test,substantive_engagement,0.74,unknown,0,0,3,1,1,1,0.4833333333333334,8,8,0,0,mirror_and_extend,substantive_engagement,0,0,1,4,4,5,5,4.5,codex-cli.default
adaptive-false_confusion_v1__r1-1778920473848-r0ggdq,eval-2026-05-16-46c06295,cell_128,cell_128_state_policy_minimal_profile_evidence_bound_validated,false_confusion_v1__r1,false_confusion,1,4,scope_test,substantive_engagement,0.78,unknown,0,0,3,1,1,1,0.4666666666666666,10,10,0,0,mirror_and_extend,substantive_engagement,0,0,1,2,1,4,4,2.75,codex-cli.default
adaptive-false_confusion_v1__r2-1778921647669-xhskdo,eval-2026-05-16-46c06295,cell_128,cell_128_state_policy_minimal_profile_evidence_bound_validated,false_confusion_v1__r2,false_confusion,1,4,scope_test,substantive_engagement,0.82,unknown,0,0,3,2,1,1,0.6666666666666666,9,9,0,0,mirror_and_extend,substantive_engagement,0,0,1,2,1,4,4,2.75,codex-cli.default
adaptive-false_confusion_v1__r3-1778923063546-av5e8d,eval-2026-05-16-46c06295,cell_128,cell_128_state_policy_minimal_profile_evidence_bound_validated,false_confusion_v1__r3,false_confusion,1,4,scope_test,substantive_engagement,0.84,unknown,0,0,4,1,2,1,0.5375,10,10,0,0,name_the_disagreement,substantive_engagement,0,0,1,5,3,4,4,4,codex-cli.default
adaptive-polite_false_mastery_v1-1778924101930-yxsimd,eval-2026-05-16-46c06295,cell_128,cell_128_state_policy_minimal_profile_evidence_bound_validated,polite_false_mastery_v1,polite_false_mastery,1,4,ask_diagnostic_question,diagnostic,0.52,unknown,0,0,2,1,0,1,0.525,7,7,0,0,ask_diagnostic_question,diagnostic,1,1,1,4,5,4,4,4.25,codex-cli.default
adaptive-polite_false_mastery_v1__r1-1778925252042-0rg2nn,eval-2026-05-16-46c06295,cell_128,cell_128_state_policy_minimal_profile_evidence_bound_validated,polite_false_mastery_v1__r1,polite_false_mastery,1,4,ask_diagnostic_question,diagnostic,0.33,unknown,0,0,3,1,1,1,0.5166666666666666,6,6,0,1,ask_diagnostic_question,diagnostic,1,1,1,4,5,4,4,4.25,codex-cli.default
adaptive-polite_false_mastery_v1__r2-1778926329784-n7w344,eval-2026-05-16-46c06295,cell_128,cell_128_state_policy_minimal_profile_evidence_bound_validated,polite_false_mastery_v1__r2,polite_false_mastery,1,4,ask_diagnostic_question,diagnostic,0.62,unknown,0,0,3,2,1,0,0.65,6,6,0,0,ask_diagnostic_question,diagnostic,1,1,1,4,5,4,4,4.25,codex-cli.default
adaptive-polite_false_mastery_v1__r3-1778927301364-gdkxkn,eval-2026-05-16-46c06295,cell_128,cell_128_state_policy_minimal_profile_evidence_bound_validated,polite_false_mastery_v1__r3,polite_false_mastery,1,4,ask_diagnostic_question,diagnostic,0.71,unknown,0,0,2,1,1,0,0.6599999999999999,7,7,0,0,ask_diagnostic_question,diagnostic,1,1,1,4,5,4,4,4.25,codex-cli.default
adaptive-resistance_to_insight_v1-1778928325570-qmnz6z,eval-2026-05-16-46c06295,cell_128,cell_128_state_policy_minimal_profile_evidence_bound_validated,resistance_to_insight_v1,resistance_to_insight,1,4,scope_test|name_the_disagreement|pose_counterexample,substantive_engagement,0.75,unknown,0,0,3,2,0,1,0.5166666666666666,8,8,0,0,mirror_and_extend,substantive_engagement,0,0,1,3,2,4,4,3.25,codex-cli.default
adaptive-resistance_to_insight_v1__r1-1778929365042-e3da65,eval-2026-05-16-46c06295,cell_128,cell_128_state_policy_minimal_profile_evidence_bound_validated,resistance_to_insight_v1__r1,resistance_to_insight,1,4,scope_test|name_the_disagreement|pose_counterexample,substantive_engagement,0.74,unknown,0,0,3,1,2,0,0.6166666666666667,7,7,0,0,mirror_and_extend,substantive_engagement,0,0,1,5,4,5,5,4.75,codex-cli.default
adaptive-resistance_to_insight_v1__r2-1778930456538-uh50bj,eval-2026-05-16-46c06295,cell_128,cell_128_state_policy_minimal_profile_evidence_bound_validated,resistance_to_insight_v1__r2,resistance_to_insight,1,4,scope_test|name_the_disagreement|pose_counterexample,substantive_engagement,0.85,unknown,0,0,3,1,1,1,0.43333333333333335,6,6,0,0,mirror_and_extend,substantive_engagement,0,0,1,4,3,4,4,3.75,codex-cli.default
adaptive-resistance_to_insight_v1__r3-1778931516301-f9pwwj,eval-2026-05-16-46c06295,cell_128,cell_128_state_policy_minimal_profile_evidence_bound_validated,resistance_to_insight_v1__r3,resistance_to_insight,1,4,scope_test|name_the_disagreement|pose_counterexample,substantive_engagement,0.78,unknown,0,0,4,1,2,1,0.4625,8,8,0,0,name_the_disagreement,substantive_engagement,1,1,1,5,4,5,4,4.5,codex-cli.default
adaptive-false_confusion_v1-1778973354681-5m9967,eval-2026-05-16-10aad3cd,cell_128,cell_128_state_policy_minimal_profile_evidence_bound_validated,false_confusion_v1,false_confusion,1,4,scope_test,substantive_engagement,0.87,unknown,0,0,4,1,2,1,0.4875,10,10,0,0,mirror_and_extend,substantive_engagement,0,0,1,3,2,4,4,3.25,codex-cli.default
adaptive-false_confusion_v1__r1-1778974455726-k4zen2,eval-2026-05-16-10aad3cd,cell_128,cell_128_state_policy_minimal_profile_evidence_bound_validated,false_confusion_v1__r1,false_confusion,1,4,scope_test,substantive_engagement,0.76,unknown,0,0,4,1,1,2,0.3875,8,8,0,0,mirror_and_extend,substantive_engagement,0,0,1,2,1,4,4,2.75,codex-cli.default
adaptive-answer_seeking_to_productive_struggle_v1-1778976513629-exj62u,eval-2026-05-16-10aad3cd,cell_128,cell_128_state_policy_minimal_profile_evidence_bound_validated,answer_seeking_to_productive_struggle_v1,answer_seeking_to_productive_struggle,2,5,withhold_answer,scaffolding,0.61,unknown,0,0,3,2,0,1,0.5333333333333333,12,12,0,0,withhold_answer,scaffolding,1,1,1,5,5,4,4,4.5,codex-cli.default
adaptive-answer_seeking_to_productive_struggle_v1__r1-1778977951777-1nifdk,eval-2026-05-16-10aad3cd,cell_128,cell_128_state_policy_minimal_profile_evidence_bound_validated,answer_seeking_to_productive_struggle_v1__r1,answer_seeking_to_productive_struggle,2,5,withhold_answer,scaffolding,0.72,unknown,0,0,4,2,1,1,0.6,14,14,0,0,withhold_answer,scaffolding,1,1,1,4,5,4,4,4.25,codex-cli.default
adaptive-metaphor_boundary_case_v1-1778979409240-pjl9k2,eval-2026-05-16-10aad3cd,cell_128,cell_128_state_policy_minimal_profile_evidence_bound_validated,metaphor_boundary_case_v1,metaphor_boundary_case,2,5,name_the_disagreement,substantive_engagement,0.72,unknown,0,0,4,2,2,1,0.6174999999999999,11,11,0,1,name_the_disagreement,substantive_engagement,1,1,1,5,5,5,4,4.75,codex-cli.default
adaptive-metaphor_boundary_case_v1__r1-1778980829292-hme099,eval-2026-05-16-10aad3cd,cell_128,cell_128_state_policy_minimal_profile_evidence_bound_validated,metaphor_boundary_case_v1__r1,metaphor_boundary_case,2,5,name_the_disagreement,substantive_engagement,0.65,unknown,0,0,4,2,1,1,0.5499999999999999,13,13,0,0,name_the_disagreement,substantive_engagement,1,1,1,5,5,5,5,5,codex-cli.default
adaptive-affective_shutdown_v1-1778982232097-31nlgj,eval-2026-05-16-10aad3cd,cell_128,cell_128_state_policy_minimal_profile_evidence_bound_validated,affective_shutdown_v1,affective_shutdown,2,5,acknowledge_and_redirect,repair_affective,0.29,unknown,0,0,4,3,1,0,0.7075,10,10,0,0,acknowledge_and_redirect,repair_affective,1,1,1,5,5,4,4,4.5,codex-cli.default
adaptive-false_confusion_v1-1778996981007-4g9t48,eval-2026-05-17-6ca0ad78,cell_128,cell_128_state_policy_minimal_profile_evidence_bound_validated,false_confusion_v1,false_confusion,1,4,scope_test,substantive_engagement,0.78,unknown,0,0,3,1,2,1,0.5166666666666667,9,9,0,0,mirror_and_extend,substantive_engagement,0,0,1,2,1,4,4,2.75,codex-cli.default
adaptive-polite_false_mastery_v1-1778998129835-iyp9e9,eval-2026-05-17-6ca0ad78,cell_128,cell_128_state_policy_minimal_profile_evidence_bound_validated,polite_false_mastery_v1,polite_false_mastery,1,4,ask_diagnostic_question,diagnostic,0.55,unknown,0,0,3,1,2,0,0.6333333333333333,8,8,0,0,ask_diagnostic_question,diagnostic,1,1,1,4,5,4,4,4.25,codex-cli.default
adaptive-resistance_to_insight_v1-1778999201516-pvcv87,eval-2026-05-17-6ca0ad78,cell_128,cell_128_state_policy_minimal_profile_evidence_bound_validated,resistance_to_insight_v1,resistance_to_insight,1,4,scope_test|name_the_disagreement|pose_counterexample,substantive_engagement,0.83,unknown,0,0,3,1,1,1,0.4666666666666666,7,7,0,0,mirror_and_extend,substantive_engagement,0,0,1,5,4,4,4,4.25,codex-cli.default
adaptive-answer_seeking_to_productive_struggle_v1-1779000465054-yotksk,eval-2026-05-17-6ca0ad78,cell_128,cell_128_state_policy_minimal_profile_evidence_bound_validated,answer_seeking_to_productive_struggle_v1,answer_seeking_to_productive_struggle,2,5,withhold_answer,scaffolding,0.64,unknown,0,0,3,1,2,1,0.5666666666666667,10,10,0,0,withhold_answer,scaffolding,1,1,1,4,5,5,5,4.75,codex-cli.default
adaptive-metaphor_boundary_case_v1-1779001886129-0vxxch,eval-2026-05-17-6ca0ad78,cell_128,cell_128_state_policy_minimal_profile_evidence_bound_validated,metaphor_boundary_case_v1,metaphor_boundary_case,2,5,name_the_disagreement,substantive_engagement,0.68,unknown,0,0,3,2,1,0,0.7666666666666666,12,12,0,1,name_the_disagreement,substantive_engagement,1,1,1,5,5,4,4,4.5,codex-cli.default
adaptive-affective_shutdown_v1-1779003489043-fhp0q0,eval-2026-05-17-6ca0ad78,cell_128,cell_128_state_policy_minimal_profile_evidence_bound_validated,affective_shutdown_v1,affective_shutdown,2,5,acknowledge_and_redirect,repair_affective,0.63,unknown,0,0,3,2,1,0,0.7333333333333333,9,9,0,1,acknowledge_and_redirect,repair_affective,1,1,1,4,5,5,4,4.5,codex-cli.default
adaptive-repair_after_misrecognition_v1-1779004842316-fud5c6,eval-2026-05-17-6ca0ad78,cell_128,cell_128_state_policy_minimal_profile_evidence_bound_validated,repair_after_misrecognition_v1,repair_after_misrecognition,2,5,repair_misrecognition,repair_affective,0.78,unknown,0,0,4,3,1,0,0.7,12,12,0,0,repair_misrecognition,repair_affective,1,1,1,5,5,5,4,4.75,codex-cli.default
